{
    "RMSE": 1.8349340701976176,
    "MAE": 1.4629510643690407,
    "R2 Score": 0.9096793730840104
}